{"brokenpowerlaw.refer": 5717.123421900701, "brokenpowerlaw.ampl": 127.33652945087934, "brokenpowerlaw.index1": -1.356527436917014, "brokenpowerlaw.index2": 0.35310102985078423, "br.amp_Hd_4102": 17.179730518581717, "br.amp_Hg_4340": 37.58085281947788, "br.amp_Hb_4861": 105.40570173181254, "br.amp_Ha_6563": 183.46881164456306, "br.offs_kms": 211.70902651318696, "br.fwhm": 5027.784736153194, "nr_OIII5007.ampl": 67.2260466493907, "nr_OIII5007.offs_kms": 34.54771767012728, "nr_OIII5007.fwhm": 1300.0, "nr_NII6584.ampl": 180.30375312010145, "nr_[OIII]_4363.ampl": 0.0, "nr_[OI]_6300.ampl": 6.455128855192111, "nr_[OI]_6363.ampl": 6.240976541186741, "nr_[SII]_6716.ampl": 2.750353508002338, "nr_[SII]_6730.ampl": 16.485967432545525, "nr_[OII]_7330.ampl": 6.283544469073539, "nr_Hd_4101.ampl": 21.166047341567445, "nr_Hg_4340.ampl": 29.976424465693217, "nr_Hb_4861.ampl": 150.12294367902786, "nr_Ha_6562.ampl": 466.24463162730586, "feii.amp_a2D2": 2.1680212250568585, "feii.amp_a4G": 25.46833979449934, "feii.amp_a4H": 15.12393744089135, "feii.amp_a6S": 24.90943348300105, "feii.amp_b2H": 5.00957656060073, "feii.amp_b4D": 16.241127285963397, "feii.amp_b4F": 15.463442738855093, "feii.amp_b4P": 13.952285906537112, "feii.amp_e4D": 156.26041932762828, "feii.amp_e6D": 2.0, "feii.amp_z4D": 11.578969806058538, "feii.amp_z4F": 0.0, "feii.amp_z4P": 0.41052629161843807, "feii.amp_y4G": 6.03638663232436, "feii.amp_b4G": 12.021241076669593, "feii.amp_x4D": 11.29515760234014, "feii.amp_y4P": 11.108145051226794, "feii.offs_kms": 154.0372529679435, "feii.fwhm": 3588.725440843416, "he.amp_HeI_4144": 0.0, "he.amp_HeI_4471": 8.76204690650644, "he.amp_HeII_4686": 12.746797438327414, "he.amp_HeI_5877": 15.271882454272806, "he.amp_HeI_7065": 0.0, "he.amp_HeI_7281": 2.453863172959016, "he.offs_kms": 190.10436983598765, "he.fwhm": 3855.3401255515687, "nrw_OIII5007.ampl": 36.76979548059575, "nrw_OIII5007.offs_kms": -1116.4910323134231, "nrw_OIII5007.fwhm": 2052.8053451900014, "nrw_NII6584.ampl": 49.47498626696013, "nrw_[OIII]_4363.ampl": 20.256528080898047, "nrw_[OI]_6300.ampl": 0.0, "nrw_[OI]_6363.ampl": 1.9601425688222878, "nrw_[SII]_6716.ampl": 17.585205088259208, "nrw_[SII]_6730.ampl": 0.0, "nrw_[OII]_7330.ampl": 8.170781681776779}